{
  "meta": {
    "langage": "en",
    "generated": "Generated with FilipeApp"
  },
  "nodes": {
    "TestIcon": {
      "name": "TestIcon",
      "type": "element",
      "group": "unesco",
      "label": "Test d'une icone",
      "metadata": {
        "icon": {
          "small": "/imports/1176.png",
          "large": "/imports/1176.png"
        },
        "description": "La description",
        "list": "LR",
        "year": null,
        "multinational": "EN",
        "link": "https://flaticon.com",
        "images": [
          {
            "url": null,
            "copyright": null,
            "title": null
          }
        ],
        "videos": null,
        "sustainability": null
      },
      "all_linked_node": [
        "TestImage"
      ]
    },
    "TestImage": {
      "name": "TestImage",
      "type": "element",
      "group": "unesco",
      "label": "Test d'une image",
      "metadata": {
        "icon": {
          "small": null,
          "large": null
        },
        "description": "Description",
        "list": "LR",
        "year": null,
        "multinational": "EN",
        "link": "https://google.com",
        "images": [
          {
            "url": "/imports/1041728.png",
            "copyright": null,
            "title": null
          }
        ],
        "videos": null,
        "sustainability": null
      },
      "all_linked_node": [
        "TestIcon"
      ]
    },
    "MyFirstConcept": {
      "name": "MyFirstConcept",
      "type": "concept",
      "group": "unesco",
      "label": "My First Concept !!",
      "metadata": {
        "icon": {
          "small": null,
          "large": null
        },
        "description": "I love descriptions. This concept is linked to 2 elements.",
        "list": "LR",
        "year": null,
        "multinational": "EN",
        "link": "http://movie.com",
        "images": [
          {
            "url": null,
            "copyright": null,
            "title": null
          }
        ],
        "videos": null,
        "sustainability": null
      },
      "all_linked_node": [
        "TestImage",
        "TestIcon"
      ]
    },
    "FotoPro": {
      "name": "FotoPro",
      "type": "photograph",
      "group": "unesco",
      "label": "A random photograph",
      "metadata": {
        "icon": {
          "small": null,
          "large": null
        },
        "description": "Nobody knows who is hiding behind the camera...",
        "list": "LR",
        "year": null,
        "multinational": "EN",
        "link": "https://foto.pro/long/link/support",
        "images": [
          {
            "url": null,
            "copyright": null,
            "title": null
          }
        ],
        "videos": null,
        "sustainability": null
      },
      "all_linked_node": [
        "MyFirstConcept"
      ]
    }
  },
  "edges": [
    {
      "subject": "TestImage",
      "predicate": "related",
      "object": "TestIcon",
      "weight": 2
    },
    {
      "subject": "TestIcon",
      "predicate": "related",
      "object": "TestImage",
      "weight": 2
    },
    {
      "subject": "TestImage",
      "predicate": "related",
      "object": "MyFirstConcept",
      "weight": 2
    },
    {
      "subject": "TestIcon",
      "predicate": "related",
      "object": "MyFirstConcept",
      "weight": 2
    },
    {
      "subject": "MyFirstConcept",
      "predicate": "related",
      "object": "FotoPro",
      "weight": 2
    }
  ]
}