{
  "meta": {
    "language": "en",
    "generated": "Generated with FilipeApp"
  },
  "nodes": {
    "test_name1": {
      "name": "test_name1",
      "typeNode": "test",
      "group": "unesco",
      "label": "label1",
      "metadata": {
        "icon": {
          "small": null,
          "large": null
        },
        "description": "desc1",
        "list": "LR",
        "year": null,
        "multinational": "EN",
        "link": "https://",
        "images": [
          {
            "url": "/imports/10x-featured-social-media-image-size.png",
            "copyright": null,
            "title": null
          }
        ],
        "videos": null,
        "sustainability": null
      },
      "all_linked_elements": []
    },
    "test_name2": {
      "name": "test_name2",
      "typeNode": "test",
      "group": "unesco",
      "label": "test",
      "metadata": {
        "icon": {
          "small": null,
          "large": null
        },
        "description": "desc2",
        "list": "LR",
        "year": null,
        "multinational": "EN",
        "link": "http://",
        "images": [
          {
            "url": "/imports/10x-featured-social-media-image-size.png",
            "copyright": null,
            "title": null
          }
        ],
        "videos": null,
        "sustainability": null
      },
      "all_linked_elements": [
        "test_name1"
      ]
    },
    "3rdElement": {
      "name": "3rdElement",
      "typeNode": "element",
      "group": "unesco",
      "label": "Wow label",
      "metadata": {
        "icon": {
          "small": null,
          "large": null
        },
        "description": "Wow desc",
        "list": "LR",
        "year": null,
        "multinational": "EN",
        "link": null,
        "images": [
          {
            "url": null,
            "copyright": null,
            "title": null
          }
        ],
        "videos": null,
        "sustainability": null
      },
      "all_linked_elements": [
        "test_name1"
      ]
    }
  },
  "edges": [
    {
      "subject": "test_name1",
      "predicate": "related",
      "object": "test_name2",
      "weight": 2
    },
    {
      "subject": "test_name1",
      "predicate": "related",
      "object": "3rdElement",
      "weight": 2
    }
  ]
}